id;id_paiement;date_creation;reference_paiement;type_paiement;nature_recette;montant;nui;nom_prenom_client;id_organisation;code_organisation;nom_organisation;exercise;mois;libelle_centre;libelle_court_centre;ifu;raison_sociale;sigle;code_poste;code;numero
1;48580;2020-04-14;installation Orchestrator Land;navigating California haptic;Cedi;72431;Borders Ergonomic Metal Salad;Auto Loan Account e-services grey;75082;Ergonomic Universal Supervisor;Handmade Granite Car SQL multi-byte;FTP;invoice Unbranded Cotton Fish;Bedfordshire Wooden SDD;virtual;Handcrafted;Streamlined;revolutionize tertiary;48268;Maine Reactive programming;38377
2;37746;2020-04-14;blue input;Metal Iowa Cambridgeshire;Sudanese Pound alarm;40366;SMTP Wooden;deposit magnetic Legacy;18481;Mountain District Checking Account;transparent interface open system;Home Loan Account grow;Function-based bottom-line initiative;Persistent Falkland Islands Pound Organized;Cotton;matrix Synchronised productize;SAS Greens circuit;override demand-driven indigo;43033;internet solution;22689
3;41834;2020-04-14;Bedfordshire;mobile Coordinator black;Rubber;41797;indexing world-class;ivory Borders Auto Loan Account;15084;Berkshire synthesizing;incentivize;Functionality copy;Manager Bhutan;Lead program Solutions;PNG invoice Bedfordshire;Licensed Metal Cheese THX;Metal backing up;Steel withdrawal technologies;5511;Fantastic Plastic Chair;28424
4;75461;2020-04-14;Central redundant;eyeballs;Rand Namibia Dollar;87256;calculate;Integration Bedfordshire Money Market Account;97641;Tasty models circuit;fuchsia;Handcrafted fresh-thinking;Fish Granite;synergize Stand-alone Sleek Frozen Fish;Fantastic Metal Shirt Fresh indexing;Avon Hat;Mouse National;synthesize;76893;Keyboard Hat;66521
5;3464;2020-04-14;array program deposit;Identity Manager;Refined;12395;Plastic Brand;Officer transmit hard drive;87089;Chicken Incredible withdrawal;Direct multimedia;systemic hard drive e-commerce;deposit logistical;clicks-and-mortar;blue;Granite;Specialist;scalable Corporate;70562;Health Garden deposit;86769
6;62084;2020-04-14;Key;FTP;auxiliary;86428;Borders;withdrawal;15730;Games;Swiss Franc withdrawal;Frozen system Electronics;Organic invoice;TCP neural-net;override back up;homogeneous Auto Loan Account RSS;Illinois;Handcrafted;73497;XML Pre-emptive adapter;15041
7;21862;2020-04-14;e-services black;bus incubate;CSS synthesizing virtual;43454;Function-based AI interfaces;transmit Ergonomic Streamlined;76574;markets panel;Ridges quantifying;Re-contextualized Peso Uruguayo Uruguay Peso en Unidades Indexadas;Sleek adapter;application Product driver;Personal Loan Account Shoes Oregon;Checking Account;actuating Credit Card Account Avon;Arizona Burg;98536;synthesizing;82971
8;94468;2020-04-14;haptic Virtual Zambia;Virgin Islands, British;firewall Generic synergy;17255;connecting;Music Senior;9446;Chicken HDD;web-enabled deposit engage;Landing Configuration primary;leverage Balboa US Dollar Jewelery;Industrial copying indigo;user-facing Latvian Lats Car;Fresh;Representative Table innovate;Indiana;63773;Future;32777
9;20376;2020-04-14;program;Handcrafted Sports;Books;56077;parsing copying GB;Incredible Rubber Chips Bedfordshire;67922;Credit Card Account capacitor;Solomon Islands Incredible Bahamas;Gorgeous Beauty;flexibility Optional;Rustic Cotton Table Assistant;transmitting sexy;Small;port wireless RAM;invoice system-worthy;86232;holistic Credit Card Account Missouri;74570
10;13959;2020-04-14;View copying Arkansas;Investment Account SSL Horizontal;Intranet Chips;77313;Response Quality;Industrial;10434;Senior Georgia HTTP;hack Denar Team-oriented;Common Fresh Salad;executive Cotton withdrawal;hub tertiary;Kentucky Borders;Cambridgeshire streamline Lek;Accounts Mouse;invoice Fresh;95133;Gorgeous;504
