id;code_transaction;telephone;msg;date
1;Kentucky;(002) 641-9859;empowering needs-based parsing;2020-02-19
2;orchestrate grow red;733-035-3799 x2318;mission-critical;2020-02-19
3;Executive Automotive;1-658-599-0705 x827;multi-state Technician;2020-02-19
4;incentivize virtual Course;987-136-3203;primary;2020-02-19
5;Bedfordshire programming;883.564.2203 x72131;connecting Bacon optical;2020-02-19
6;CFA Franc BEAC;250-772-4796 x82053;USB Cambridgeshire;2020-02-19
7;Forward Montana models;782.403.5894 x894;holistic;2020-02-19
8;Denar;(548) 860-9629;deposit New Mexico Facilitator;2020-02-19
9;iterate Dynamic;760-220-9501 x50155;SCSI eyeballs Chair;2020-02-19
10;lime;1-634-095-1563;Automotive digital;2020-02-19
